Domain,Status,Attractiveness,Demand,Length,Sectors,Created,Expires,Registrar
one.ac,resell,132,44%,3,"Business,General,Media,Technology",07/10/2024 15:15,07/10/2025 15:15,Domain Science Kutatási Szolgáltató Korlátolt Felelősségű Társaság
second.ac,available,120,23%,6,"General,Mathematics",,,
complete.ac,available,120,21%,8,"Manufacturing,Retail,Technology",,,
flat.ac,expired,116,24%,4,"Construction,Real Estate",17/06/2023 16:57,17/06/2025 16:57,"NameSilo, LLC"
tenth.ac,available,116,7%,5,Mathematics,,,
tonic.ac,available,114,22%,5,"Health and Fitness,Medicine,Science",,,
zero.ac,resell,112,49%,4,Mathematics,24/07/2023 17:00,24/07/2026 17:00,"Sav.com, LLC - 45"
acute.ac,available,112,9%,5,"Mathematics,Medicine,Science",,,
above.ac,available,112,22%,5,Business,,,
hotshot.ac,available,112,14%,7,"Business,Entertainment,Sports",,,
abiding.ac,available,106,5%,7,"General,Religion",,,
teen.ac,available,104,14%,4,"Education,Entertainment,Healthcare",,,
active.ac,expiring,104,27%,6,"Health and Fitness,Sports,Travel",20/08/2020 08:59,20/08/2025 08:59,"Ascio Technologies, Inc. Danmark - Filial af Ascio technologies, Inc. USA"
eight.ac,available,102,23%,5,"General,Mathematics",,,
absent.ac,available,102,8%,6,"Business,Education,Technology",,,
crack.ac,available,100,20%,5,Sports,,,
sixth.ac,available,100,8%,5,Mathematics,,,
whiz.ac,available,100,12%,4,"Business,Education,Technology",,,
ninth.ac,available,100,9%,5,Mathematics,,,
eighth.ac,available,100,6%,6,Mathematics,,,
abrupt.ac,available,100,3%,6,"Medicine,Science",,,
adjunct.ac,available,100,5%,7,Education,,,
whizz.ac,available,98,11%,5,"Business,Education,Technology",,,
forgiving.ac,available,96,3%,9,"Healthcare,Religion",,,
doable.ac,available,96,9%,6,"Business,Education,Technology",,,
academic.ac,resell,96,20%,8,"Education,Humanities,Science",24/01/2020 13:55,24/01/2026 13:55,"Sav.com, LLC"
alamode.ac,available,96,12%,9,Fashion,,,
adequate.ac,available,94,9%,8,"Education,Healthcare,Technology",,,
around.ac,available,94,22%,6,"Business,General,Media,Technology",,,
virtuoso.ac,available,94,16%,8,"Arts,Entertainment",,,
adept.ac,available,92,24%,5,"Education,Health and Fitness,Sports",,,
twentieth.ac,available,92,3%,9,Mathematics,,,
nought.ac,available,92,4%,6,Mathematics,,,
exemplary.ac,available,92,5%,9,"Business,Education,Healthcare",,,
next.ac,resell,92,43%,4,"Retail,Technology,Transportation",06/08/2018 00:38,06/08/2026 00:38,"NameSilo, LLC"
adjective.ac,available,92,5%,9,Education,,,
abroad.ac,available,92,12%,6,"Hospitality,Travel",,,
neutral.ac,available,92,20%,7,"Business,Media,Politics",,,
adoring.ac,available,90,2%,7,"Entertainment,Fashion,Retail",,,
gripping.ac,available,90,3%,8,"Entertainment,Media,Technology",,,
leash.ac,available,90,7%,5,"General,Health and Fitness,Retail",,,
riveting.ac,available,90,6%,8,"Entertainment,Media,Technology",,,
endearing.ac,available,90,1%,9,"Entertainment,Fashion,Retail",,,
addictive.ac,available,90,9%,9,Healthcare,,,
additional.ac,available,90,8%,10,"Fashion,Retail,Technology",,,
activist.ac,available,88,12%,8,"Humanities,Politics",,,
wide.ac,available,88,18%,4,"Business,Media,Technology",,,
three.ac,available,88,24%,5,Mathematics,,,
adlib.ac,available,88,7%,6,Entertainment,,,
fifteen.ac,available,88,13%,7,Mathematics,,,
actionable.ac,available,88,13%,10,"Business,Law",,,
proficient.ac,available,88,8%,10,"Education,Health and Fitness,Sports",,,
sixteen.ac,available,88,11%,7,Mathematics,,,
hundred.ac,available,88,14%,7,Mathematics,,,
eleven.ac,available,88,33%,6,Mathematics,,,
star.ac,resell,86,40%,4,"Entertainment,Media,Sports",28/10/2022 17:16,28/10/2025 17:16,"Sav.com, LLC"
recondite.ac,available,86,4%,9,"Arts,Humanities,Science",,,
extempore.ac,available,86,3%,9,Entertainment,,,
aboriginal.ac,available,86,10%,10,Humanities,,,
adolescent.ac,available,86,3%,10,"Education,Entertainment,Healthcare",,,
intent.ac,available,86,25%,6,"Business,Education,Technology",,,
xiv.ac,available,86,12%,3,Mathematics,,,
attendant.ac,available,86,5%,9,"Healthcare,Hospitality,Transportation",,,
engrossing.ac,available,86,0%,10,"Entertainment,Media,Technology",,,
xix.ac,available,86,11%,3,Mathematics,,,
accessory.ac,available,84,8%,9,"Fashion,Retail,Technology",,,
twentytwo.ac,available,84,11%,10,Mathematics,,,
seventeen.ac,available,84,7%,9,Mathematics,,,
fourteen.ac,available,84,8%,8,Mathematics,,,
adjustable.ac,available,84,3%,10,"Manufacturing,Retail,Technology",,,
deviate.ac,available,84,12%,7,"Medicine,Science",,,
acting.ac,available,84,12%,6,Entertainment,,,
nineteen.ac,available,84,8%,8,Mathematics,,,
thousand.ac,available,84,8%,8,Mathematics,,,
grand.ac,available,84,25%,5,"Finance,General",,,
sharp.ac,available,84,34%,5,"Arts,Fashion",,,
thirteen.ac,available,84,10%,8,Mathematics,,,
twentyone.ac,available,84,13%,10,Mathematics,,,
altered.ac,available,82,9%,7,"Medicine,Science",,,
good.ac,resell,82,47%,4,"Food and Beverage,General,Health and Fitness,Retail",23/01/2025 15:15,23/01/2026 15:15,"Sav.com, LLC - 37"
cleansing.ac,available,82,3%,9,Health and Fitness,,,
fivesome.ac,available,82,1%,8,Sports,,,
absorbent.ac,available,82,3%,9,"Healthcare,Manufacturing,Retail",,,
decade.ac,available,82,10%,6,Mathematics,,,
abdominal.ac,available,82,1%,9,"Health and Fitness,Medicine",,,
impromptu.ac,available,82,16%,9,Entertainment,,,
enduring.ac,available,82,9%,8,"Health and Fitness,Religion",,,
abroach.ac,available,82,1%,7,Food and Beverage,,,
abenaki.ac,available,82,2%,7,Geography,,,
dozen.ac,available,82,10%,5,Mathematics,,,
abkhaz.ac,available,82,1%,6,Geography,,,
twenty.ac,available,80,12%,6,Mathematics,,,
nine.ac,available,80,24%,4,"General,Mathematics",,,
absorbable.ac,available,80,0%,10,"Healthcare,Pharmaceuticals,Science",,,
seventh.ac,available,80,10%,7,Mathematics,,,
dorsal.ac,available,80,6%,6,"Medicine,Science",,,
absolute.ac,available,80,25%,8,"Engineering,Mathematics,Science",,,
some.ac,available,80,32%,4,"Business,Media,Retail",,,
superstar.ac,available,80,18%,9,Entertainment,,,
sequent.ac,available,80,7%,7,"Healthcare,Insurance,Transportation",,,
two.ac,expired,80,24%,3,Mathematics,02/07/2024 16:55,02/07/2025 16:55,One.com A/S
adoptable.ac,available,80,3%,9,"Education,Healthcare",,,
trio.ac,available,80,21%,4,Entertainment,,,
capable.ac,available,80,12%,7,"Business,Education,Technology",,,
worshipful.ac,available,80,1%,10,"Education,Healthcare,Religion",,,
forty.ac,available,80,9%,5,Mathematics,,,
honestly.ac,available,78,9%,8,"Business,Law",,,
accepted.ac,available,78,6%,8,"Business,Education,Technology",,,
accidental.ac,available,78,11%,10,"Healthcare,Insurance,Transportation",,,
acceptable.ac,available,78,5%,10,"Business,Hospitality,Retail",,,
recognised.ac,available,78,3%,10,"Business,Education,Technology",,,
adorable.ac,available,78,8%,8,"Entertainment,Fashion,Retail",,,
abkhazian.ac,available,78,1%,9,Geography,,,
accessible.ac,available,78,21%,10,"Healthcare,Retail,Technology",,,
sixtynine.ac,available,78,8%,10,Mathematics,,,
accurate.ac,available,78,16%,8,"Engineering,Mathematics,Science",,,
adrenal.ac,available,78,4%,7,"Education,Healthcare,Science",,,
athletic.ac,available,78,15%,8,"Health and Fitness,Sports",,,
dormant.ac,available,78,4%,7,"Medicine,Science",,,
acceptant.ac,available,78,1%,9,"Education,Healthcare",,,
absorptive.ac,available,78,1%,10,"Healthcare,Manufacturing,Retail",,,
abkhasian.ac,available,78,1%,9,Geography,,,
adjacent.ac,available,78,9%,8,"Construction,Real Estate,Retail",,,
recognized.ac,available,78,3%,10,"Business,Education,Technology",,,
twentysix.ac,available,78,8%,10,Mathematics,,,
abounding.ac,available,78,2%,9,Agriculture,,,
firstrate.ac,available,76,6%,10,Business,,,
fifteenth.ac,available,76,2%,9,Mathematics,,,
incidental.ac,available,76,4%,10,"Healthcare,Insurance,Transportation",,,
resultant.ac,available,76,2%,9,"Healthcare,Insurance,Transportation",,,
improvise.ac,available,76,4%,9,Entertainment,,,
eighteen.ac,available,76,7%,8,Mathematics,,,
addable.ac,available,76,2%,7,"Engineering,Mathematics,Science",,,
adipose.ac,available,76,2%,7,"Healthcare,Science",,,
thousandth.ac,available,76,1%,10,Mathematics,,,
acoustic.ac,available,76,14%,8,Science,,,
ancillary.ac,available,76,6%,9,"Healthcare,Manufacturing,Technology",,,
nineteenth.ac,available,76,3%,10,Mathematics,,,
hundredth.ac,available,76,1%,9,Mathematics,,,
ventral.ac,available,76,3%,7,Science,,,
adhesive.ac,available,76,7%,8,"Construction,Manufacturing,Technology",,,
energizing.ac,available,76,3%,10,"Food and Beverage,Health and Fitness,Travel",,,
fourteenth.ac,available,76,1%,10,Mathematics,,,
adaptable.ac,available,76,9%,9,"Business,Education,Technology",,,
threed.ac,available,76,7%,7,Technology,,,
adherent.ac,available,76,4%,8,"Politics,Religion",,,
ague.ac,available,76,2%,4,"Geography,Medicine,Science",,,
thirteenth.ac,available,76,4%,10,Mathematics,,,
auxiliary.ac,available,76,7%,9,"Healthcare,Manufacturing,Technology",,,
abrasive.ac,available,76,6%,8,"Construction,Manufacturing",,,
diamond.ac,resell,76,32%,7,Fashion,22/03/2023 14:01,22/03/2026 14:01,"NameCheap, Inc."
realizable.ac,available,74,1%,10,"Business,Education,Technology",,,
skilful.ac,available,74,3%,7,"Education,Health and Fitness,Sports",,,
aberrant.ac,available,74,6%,8,"Medicine,Science",,,
manageable.ac,available,74,4%,10,"Business,Education,Technology",,,
supra.ac,available,74,25%,5,"Medicine,Science",,,
adapted.ac,available,74,6%,7,"Healthcare,Manufacturing,Technology",,,
accepting.ac,available,74,3%,9,"Education,Healthcare",,,
cleared.ac,available,74,7%,7,"Healthcare,Law,Transportation",,,
adamant.ac,available,74,14%,7,Religion,,,
single.ac,available,74,19%,6,Sports,,,
sensation.ac,available,74,7%,9,"Entertainment,Media,Sports",,,
acuate.ac,available,74,2%,6,"Engineering,Medicine,Science",,,
achievable.ac,available,74,4%,10,"Business,Education,Technology",,,
mavin.ac,available,74,7%,5,"Entertainment,Fashion,Technology",,,
adrenergic.ac,available,74,1%,10,"Education,Healthcare,Science",,,
admirable.ac,available,74,5%,9,"Business,Education,Healthcare",,,
adenoid.ac,available,74,1%,7,"Health and Fitness,Medicine,Science",,,
playing.ac,resell,74,12%,7,Entertainment,30/10/2023 12:39,30/10/2025 12:39,"NameCheap, Inc."
activated.ac,available,74,9%,9,"Healthcare,Manufacturing,Technology",,,
broad.ac,available,74,13%,5,"Entertainment,General,Media",,,
improvize.ac,available,72,1%,9,Entertainment,,,
adaptative.ac,available,72,1%,10,"Business,Education,Technology",,,
addicted.ac,available,72,9%,8,Healthcare,,,
trey.ac,available,72,14%,4,Sports,,,
absorbed.ac,available,72,2%,8,"Entertainment,Media,Technology",,,
liv.ac,available,72,27%,3,Mathematics,,,
ablaze.ac,available,72,6%,6,Entertainment,,,
existent.ac,available,72,3%,8,"Mathematics,Science",,,
eightieth.ac,available,72,1%,9,Mathematics,,,
seventieth.ac,available,72,1%,10,Mathematics,,,
engrossed.ac,available,72,1%,9,"Entertainment,Media,Technology",,,
adjunctive.ac,available,72,1%,10,"Healthcare,Manufacturing,Technology",,,
ternary.ac,available,72,7%,7,Mathematics,,,
accusative.ac,available,72,0%,10,"Humanities,Law",,,
absolutist.ac,available,72,1%,10,"Humanities,Law,Politics",,,
adiabatic.ac,available,72,3%,9,"Engineering,Science",,,
adjectival.ac,available,72,1%,10,Education,,,
sixtieth.ac,available,72,1%,8,Mathematics,,,
lovely.ac,available,72,26%,6,"Entertainment,Fashion,Retail",,,
trinity.ac,available,72,18%,7,Religion,,,
accustomed.ac,available,72,1%,10,"Business,Education,Humanities",,,
abreast.ac,available,72,2%,7,"Business,Technology",,,
ninetieth.ac,available,72,1%,9,Mathematics,,,
abloom.ac,available,72,5%,6,Agriculture,,,
adonic.ac,available,72,2%,6,"Arts,Education,Entertainment",,,
champion.ac,available,72,28%,8,"Entertainment,Health and Fitness,Sports",,,
practiced.ac,available,70,3%,9,"Education,Health and Fitness,Sports",,,
abulic.ac,available,70,1%,6,Medicine,,,
acuminate.ac,available,70,1%,9,"Engineering,Medicine,Science",,,
admired.ac,available,70,5%,7,"Business,Education,Healthcare",,,
adored.ac,available,70,6%,6,"Entertainment,Fashion,Retail",,,
skillful.ac,available,70,9%,8,"Education,Health and Fitness,Sports",,,
offhand.ac,available,70,2%,7,Entertainment,,,
tiptop.ac,available,70,24%,6,Fashion,,,
abradant.ac,available,70,1%,8,"Construction,Manufacturing",,,
adjusted.ac,available,70,5%,8,"Manufacturing,Retail,Technology",,,
accumbent.ac,available,70,1%,9,"Healthcare,Medicine,Science",,,
recumbent.ac,available,70,2%,9,"Healthcare,Medicine,Science",,,
gymnastic.ac,available,70,3%,9,"Entertainment,Sports",,,
adamantine.ac,available,70,4%,10,Religion,,,
absorbing.ac,available,70,3%,9,"Entertainment,Media,Technology",,,
overseas.ac,available,68,12%,8,"Hospitality,Travel",,,
aroused.ac,available,68,3%,7,"Entertainment,Health and Fitness",,,
fortieth.ac,available,68,0%,8,Mathematics,,,
abducent.ac,available,68,0%,8,Medicine,,,
fiftieth.ac,available,68,0%,8,Mathematics,,,
aberdonian.ac,available,68,1%,10,Geography,,,
activating.ac,available,68,3%,10,"Healthcare,Manufacturing,Technology",,,
vindicated.ac,available,68,2%,10,"Humanities,Law,Politics",,,
abkhas.ac,available,68,0%,6,Geography,,,
foursome.ac,available,68,4%,8,Sports,,,
ane.ac,available,68,12%,3,Mathematics,,,
threesome.ac,available,68,5%,9,Entertainment,,,
octonary.ac,available,68,1%,8,Mathematics,,,
licenced.ac,available,68,2%,8,"Business,Healthcare,Insurance",,,
abnaki.ac,available,68,1%,6,Geography,,,
aculeate.ac,available,68,1%,8,"Engineering,Medicine,Science",,,
septenary.ac,available,68,1%,9,Mathematics,,,
disciple.ac,available,68,14%,8,"Education,Religion",,,
decorated.ac,available,68,3%,9,"Entertainment,Fashion,Retail",,,
licensed.ac,available,68,5%,8,"Business,Healthcare,Insurance",,,
thirtieth.ac,available,68,1%,9,Mathematics,,,
ennead.ac,available,68,5%,6,Mathematics,,,
accredited.ac,available,68,9%,10,"Business,Education,Healthcare",,,
ablative.ac,available,68,3%,8,Science,,,
sevener.ac,available,68,1%,7,Mathematics,,,
sextet.ac,available,66,1%,6,Entertainment,,,
eighty.ac,available,66,6%,6,Mathematics,,,
deuce.ac,available,66,9%,5,Sports,,,
four.ac,available,66,27%,4,Mathematics,,,
modish.ac,available,66,5%,6,Fashion,,,
buzzing.ac,available,66,7%,7,"Entertainment,Media,Technology",,,
teenager.ac,available,66,4%,8,"Education,Entertainment,Healthcare",,,
accessary.ac,available,66,1%,9,"Business,Law,Technology",,,
thirty.ac,available,66,8%,6,Mathematics,,,
onec.ac,available,66,6%,5,Mathematics,,,
century.ac,available,66,17%,7,Education,,,
xxv.ac,available,66,6%,3,Mathematics,,,
xiii.ac,available,66,9%,4,Mathematics,,,
xxvi.ac,available,66,3%,4,Mathematics,,,
xvi.ac,available,66,5%,3,Mathematics,,,
performing.ac,available,66,6%,10,Entertainment,,,
abstinent.ac,available,66,1%,9,"Health and Fitness,Religion",,,
xii.ac,available,66,10%,3,Mathematics,,,
fifty.ac,available,66,12%,5,Mathematics,,,
adorned.ac,available,66,5%,7,"Entertainment,Fashion,Retail",,,
xxi.ac,available,66,10%,3,Mathematics,,,
maven.ac,available,66,30%,5,"Entertainment,Fashion,Technology",,,
latest.ac,available,66,18%,6,Technology,,,
xvii.ac,available,66,5%,4,Mathematics,,,
acappella.ac,available,66,6%,10,Entertainment,,,
exonerated.ac,available,66,2%,10,"Humanities,Law,Politics",,,
tenner.ac,available,66,5%,6,Finance,,,
xviii.ac,available,66,5%,5,Mathematics,,,
acrobatic.ac,available,66,4%,9,"Entertainment,Sports",,,
xxii.ac,available,66,6%,4,Mathematics,,,
adopted.ac,available,66,4%,7,"Education,Healthcare",,,
according.ac,available,66,3%,9,"Business,Education,Technology",,,
clv.ac,available,66,10%,3,Mathematics,,,
adagio.ac,available,64,14%,6,Entertainment,,,
deviant.ac,available,64,12%,7,"Medicine,Science",,,
nondrinker.ac,available,64,1%,10,"Health and Fitness,Religion",,,
aflame.ac,available,64,3%,6,Entertainment,,,
rising.ac,available,64,18%,6,"Construction,Manufacturing,Real Estate",,,
absolved.ac,available,64,1%,8,"Humanities,Law,Religion",,,
accordant.ac,available,64,3%,9,"Arts,Entertainment",,,
activistic.ac,available,62,1%,10,"Humanities,Politics",,,
cumulative.ac,available,62,2%,10,"Banking,Finance,Insurance",,,
eleventh.ac,available,62,5%,8,Mathematics,,,
adoptive.ac,available,62,1%,8,"Education,Healthcare",,,
fortyfour.ac,available,62,6%,10,Mathematics,,,
eighteenth.ac,available,62,1%,10,Mathematics,,,
adjuvant.ac,available,62,5%,8,"Healthcare,Manufacturing,Technology",,,
ensuant.ac,available,62,1%,7,"Healthcare,Insurance,Transportation",,,
troika.ac,available,62,8%,6,Politics,,,
playacting.ac,available,62,1%,10,Entertainment,,,
pungent.ac,available,62,1%,7,Food and Beverage,,,
exculpated.ac,available,62,1%,10,"Humanities,Law,Politics",,,
sixteenth.ac,available,62,1%,9,Mathematics,,,
activation.ac,available,62,16%,10,"Healthcare,Manufacturing,Technology",,,
wrapped.ac,available,62,13%,7,"Fashion,Hospitality,Retail",,,
roughly.ac,available,62,3%,7,"Business,Media,Technology",,,
admissible.ac,available,62,1%,10,"Education,Healthcare,Law",,,
accrued.ac,available,62,2%,7,"Banking,Finance,Insurance",,,
longdozen.ac,available,62,2%,10,Mathematics,,,
orso.ac,available,62,9%,5,"Business,Media,Technology",,,
aborigine.ac,available,62,1%,9,Humanities,,,
abo.ac,expiring,62,15%,3,Science,01/09/2024 19:06,01/09/2025 19:06,"NameCheap, Inc."
chiliad.ac,available,62,2%,7,Mathematics,,,
quartet.ac,available,62,7%,7,"Arts,Entertainment",,,
acidic.ac,available,62,5%,6,"Food and Beverage,Science",,,
aufait.ac,available,62,3%,7,"Fashion,Media",,,
twodozen.ac,available,62,1%,9,Mathematics,,,
thou.ac,available,60,7%,4,Mathematics,,,
cautionary.ac,available,60,1%,10,"Business,Education,Healthcare",,,
xcl.ac,available,60,5%,3,Mathematics,,,
eightysix.ac,available,60,7%,10,Mathematics,,,
clx.ac,available,60,10%,3,Mathematics,,,
cxxv.ac,available,60,1%,4,Mathematics,,,
idolised.ac,available,60,1%,8,"Entertainment,Fashion,Retail",,,
cxv.ac,available,60,4%,3,Mathematics,,,
abstainer.ac,available,60,0%,9,"Health and Fitness,Religion",,,
abstemious.ac,available,60,0%,10,"Food and Beverage,Health and Fitness,Hospitality",,,
adnexal.ac,available,60,1%,7,"Agriculture,Manufacturing,Retail",,,
cxl.ac,available,60,7%,3,Mathematics,,,
aboveboard.ac,available,60,5%,10,"Business,Law",,,
abashed.ac,available,60,1%,7,Humanities,,,
adnate.ac,available,60,1%,6,"Agriculture,Manufacturing,Retail",,,
paunchy.ac,available,60,0%,7,"Health and Fitness,Medicine",,,
clxv.ac,available,60,1%,4,Mathematics,,,
clxx.ac,available,60,3%,4,Mathematics,,,
clxxv.ac,available,60,1%,5,Mathematics,,,
clxxx.ac,available,60,1%,5,Mathematics,,,
cxlv.ac,available,60,2%,4,Mathematics,,,
cxxx.ac,available,60,4%,4,Mathematics,,,
annexal.ac,available,60,1%,7,"Agriculture,Manufacturing,Retail",,,
tertiary.ac,available,60,4%,8,Education,,,
cxx.ac,available,60,10%,3,Mathematics,,,
acceptive.ac,available,60,1%,9,"Education,Healthcare",,,
cxxxv.ac,available,60,2%,5,Mathematics,,,
sixty.ac,available,60,13%,5,Mathematics,,,
idolized.ac,available,60,3%,8,"Entertainment,Fashion,Retail",,,
alacarte.ac,available,58,11%,10,Food and Beverage,,,
tetrad.ac,available,58,5%,6,Mathematics,,,
actuarial.ac,available,58,8%,9,"Finance,Insurance,Mathematics",,,
twelfth.ac,available,58,2%,7,Mathematics,,,
acetic.ac,available,58,1%,6,"Food and Beverage,Science",,,
offhanded.ac,available,58,1%,9,Entertainment,,,
heptad.ac,available,58,1%,6,Mathematics,,,
accented.ac,available,58,3%,8,"Arts,Entertainment",,,
enwrapped.ac,available,58,0%,9,"Entertainment,Fashion,Media",,,
justabout.ac,available,58,3%,10,"Business,Media,Technology",,,
abuzz.ac,available,58,5%,5,"Entertainment,Media,Technology",,,
accretive.ac,available,58,6%,9,"Banking,Finance,Insurance",,,
addible.ac,available,58,2%,7,"Engineering,Mathematics,Science",,,
lxxx.ac,available,58,2%,4,Mathematics,,,
closeto.ac,available,58,3%,8,"Business,Media,Technology",,,
pentad.ac,available,58,2%,6,Mathematics,,,
sixtyone.ac,available,58,3%,9,Mathematics,,,
accoutred.ac,available,58,1%,9,"Fashion,Manufacturing,Retail",,,
linear.ac,available,58,22%,6,"Engineering,Mathematics,Science",,,
sixer.ac,available,58,5%,5,Sports,,,
centesimal.ac,available,58,1%,10,Mathematics,,,
niner.ac,available,58,5%,5,Mathematics,,,
hexad.ac,available,58,4%,5,Mathematics,,,
fifth.ac,available,58,12%,5,Mathematics,,,
abridged.ac,available,58,4%,8,Media,,,
adjustive.ac,available,58,1%,9,"Manufacturing,Retail,Technology",,,
seventy.ac,available,58,7%,7,Mathematics,,,
eighter.ac,available,58,2%,7,Mathematics,,,
fourscore.ac,available,58,4%,9,Mathematics,,,
octad.ac,available,58,5%,5,Mathematics,,,
adient.ac,available,58,4%,6,"Medicine,Science",,,
fourth.ac,available,58,13%,6,Mathematics,,,
acyclic.ac,available,58,4%,7,"Engineering,Mathematics,Science",,,
aucourant.ac,available,58,3%,10,"Fashion,Media",,,
sextuplet.ac,available,58,1%,9,Healthcare,,,
adhoc.ac,available,58,24%,6,"Business,Engineering,Technology",,,
addressed.ac,available,58,3%,9,"Business,Technology,Telecommunications",,,
thirtysix.ac,available,56,5%,10,Mathematics,,,
xxxvii.ac,available,56,2%,6,Mathematics,,,
fiftysix.ac,available,56,4%,9,Mathematics,,,
xxxiii.ac,available,56,2%,6,Mathematics,,,
xliii.ac,available,56,1%,5,Mathematics,,,
lii.ac,available,56,7%,3,Mathematics,,,
xliv.ac,available,56,2%,4,Mathematics,,,
admittable.ac,available,56,1%,10,"Education,Healthcare,Hospitality",,,
fiftyfour.ac,available,56,3%,10,Mathematics,,,
lvi.ac,available,56,8%,3,Mathematics,,,
lvii.ac,available,56,1%,4,Mathematics,,,
xlviii.ac,available,56,1%,6,Mathematics,,,
maledict.ac,available,56,1%,8,Religion,,,
admissive.ac,available,56,1%,9,"Education,Healthcare,Hospitality",,,
fiftytwo.ac,available,56,6%,9,Mathematics,,,
xxiv.ac,available,56,5%,4,Mathematics,,,
potbellied.ac,available,56,0%,10,"Health and Fitness,Medicine",,,
thirtytwo.ac,available,56,5%,10,Mathematics,,,
xxxi.ac,available,56,9%,4,Mathematics,,,
xlvi.ac,available,56,3%,4,Mathematics,,,
halfdozen.ac,available,56,1%,10,Mathematics,,,
xli.ac,available,56,5%,3,Mathematics,,,
ilx.ac,available,56,5%,3,Mathematics,,,
xxiii.ac,available,56,5%,5,Mathematics,,,
fiftyone.ac,available,56,7%,9,Mathematics,,,
abeyant.ac,available,56,1%,7,"Business,Law",,,
xxxiv.ac,available,56,1%,5,Mathematics,,,
abdominous.ac,available,56,0%,10,"Health and Fitness,Medicine",,,
fortysix.ac,available,56,3%,9,Mathematics,,,
xxxvi.ac,available,56,1%,5,Mathematics,,,
fiftynine.ac,available,56,4%,10,Mathematics,,,
fortytwo.ac,available,56,17%,9,Mathematics,,,
xxxv.ac,available,56,4%,4,Mathematics,,,
appressed.ac,available,56,0%,9,"Agriculture,Manufacturing,Retail",,,
xlv.ac,available,56,6%,3,Mathematics,,,
accoutered.ac,available,56,0%,10,"Fashion,Manufacturing,Retail",,,
xlii.ac,available,56,5%,4,Mathematics,,,
xxviii.ac,available,56,1%,6,Mathematics,,,
xxvii.ac,available,56,3%,5,Mathematics,,,
xlvii.ac,available,56,2%,5,Mathematics,,,
thirtyone.ac,available,56,5%,10,Mathematics,,,
fortyone.ac,available,56,4%,9,Mathematics,,,
xxxii.ac,available,56,1%,5,Mathematics,,,
fortynine.ac,available,56,3%,10,Mathematics,,,
admittible.ac,available,56,1%,10,"Education,Healthcare,Hospitality",,,
addled.ac,available,56,2%,6,Entertainment,,,
xxxviii.ac,available,56,1%,7,Mathematics,,,
xxix.ac,available,56,4%,4,Mathematics,,,
liii.ac,available,56,4%,4,Mathematics,,,
lviii.ac,available,56,1%,5,Mathematics,,,
fiftyfive.ac,available,56,7%,10,Mathematics,,,
adaxial.ac,available,54,2%,7,Science,,,
vii.ac,available,54,13%,3,Mathematics,,,
viii.ac,available,54,6%,4,Mathematics,,,
twoscore.ac,available,54,2%,8,Mathematics,,,
adjuratory.ac,available,54,0%,10,"Law,Politics,Religion",,,
abducens.ac,available,54,1%,8,Medicine,,,
quaternion.ac,available,54,6%,10,Mathematics,,,
abatic.ac,available,54,1%,6,Science,,,
threescore.ac,available,54,1%,10,Mathematics,,,
actuated.ac,available,54,2%,8,"Automotive,Manufacturing,Technology",,,
aboral.ac,available,54,2%,6,Science,,,
adducting.ac,available,54,1%,9,"Engineering,Mathematics,Science",,,
monitory.ac,available,54,3%,8,"Business,Education,Healthcare",,,
adpressed.ac,available,54,0%,9,"Agriculture,Manufacturing,Retail",,,
topnotch.ac,available,54,18%,8,Business,,,
abient.ac,available,54,1%,6,Science,,,
accentual.ac,available,54,3%,9,"Arts,Entertainment",,,
adductive.ac,available,54,0%,9,"Engineering,Mathematics,Science",,,
acoustical.ac,available,54,4%,10,Science,,,
quatern.ac,available,54,2%,7,Mathematics,,,
deuceace.ac,available,54,2%,9,Sports,,,
quaternity.ac,available,54,4%,10,Mathematics,,,
abaxial.ac,available,54,1%,7,Science,,,
fortyfive.ac,available,54,4%,10,Mathematics,,,
admonitory.ac,available,54,0%,10,"Business,Education,Healthcare",,,
achromatic.ac,available,54,4%,10,Science,,,
scratchy.ac,available,54,3%,8,Fashion,,,
abatable.ac,available,54,1%,8,Law,,,
adducent.ac,available,54,1%,8,"Engineering,Mathematics,Science",,,
abasic.ac,available,54,1%,6,Science,,,
lxxiii.ac,available,52,1%,6,Mathematics,,,
chagrined.ac,available,52,1%,9,Humanities,,,
lxxiv.ac,available,52,1%,5,Mathematics,,,
lxv.ac,available,52,5%,3,Mathematics,,,
eightyone.ac,available,52,3%,10,Mathematics,,,
lxxxii.ac,available,52,1%,6,Mathematics,,,
ninetysix.ac,available,52,4%,10,Mathematics,,,
eightytwo.ac,available,52,4%,10,Mathematics,,,
sixtyfour.ac,available,52,3%,10,Mathematics,,,
xci.ac,available,52,4%,3,Mathematics,,,
lxi.ac,available,52,5%,3,Mathematics,,,
ablated.ac,available,52,1%,7,Science,,,
ninetytwo.ac,available,52,4%,10,Mathematics,,,
lxiii.ac,available,52,2%,5,Mathematics,,,
lxxvii.ac,available,52,2%,6,Mathematics,,,
ixl.ac,available,52,9%,3,Mathematics,,,
aboulic.ac,available,52,1%,7,Medicine,,,
lxxxv.ac,available,52,1%,5,Mathematics,,,
lxxxi.ac,available,52,1%,5,Mathematics,,,
lxxxvi.ac,available,52,1%,6,Mathematics,,,
lxviii.ac,available,52,1%,6,Mathematics,,,
tierce.ac,available,52,null%,6,General,,,
lxxxiii.ac,available,52,1%,7,Mathematics,,,
lxvi.ac,available,52,3%,4,Mathematics,,,
lxxxvii.ac,available,52,1%,7,Mathematics,,,
xciii.ac,available,52,1%,5,Mathematics,,,
xcii.ac,available,52,2%,4,Mathematics,,,
lxii.ac,available,52,1%,4,Mathematics,,,
adenoidal.ac,available,52,1%,9,"Health and Fitness,Medicine,Science",,,
lxxii.ac,available,52,1%,5,Mathematics,,,
decumbent.ac,available,52,1%,9,"Healthcare,Medicine,Science",,,
sixtytwo.ac,available,52,3%,9,Mathematics,,,
ninetyone.ac,available,52,5%,10,Mathematics,,,
xcvii.ac,available,52,1%,5,Mathematics,,,
abstruse.ac,available,52,5%,8,"Humanities,Mathematics,Science",,,
uphill.ac,available,52,7%,6,"Sports,Transportation,Travel",,,
xcvi.ac,available,52,2%,4,Mathematics,,,
lxxi.ac,available,52,1%,4,Mathematics,,,
lxvii.ac,available,52,1%,5,Mathematics,,,
sixtysix.ac,available,52,4%,9,Mathematics,,,
lxiv.ac,available,52,3%,4,Mathematics,,,
lxxv.ac,available,52,1%,4,Mathematics,,,
xcviii.ac,available,52,1%,6,Mathematics,,,
sixtyfive.ac,available,52,3%,10,Mathematics,,,
lxxvi.ac,available,52,1%,5,Mathematics,,,
lxxxiv.ac,available,52,1%,6,Mathematics,,,
xciv.ac,available,52,2%,4,Mathematics,,,
broached.ac,available,50,0%,8,Food and Beverage,,,
triplet.ac,available,50,8%,7,Science,,,
abranchial.ac,available,50,0%,10,Science,,,
needlelike.ac,available,50,0%,10,"Engineering,Medicine,Science",,,
aculeated.ac,available,50,0%,9,"Engineering,Medicine,Science",,,
vinegary.ac,available,50,1%,8,Food and Beverage,,,
abducting.ac,available,50,0%,9,Medicine,,,
abbatial.ac,available,50,0%,8,Religion,,,
acquitted.ac,available,50,1%,9,Law,,,
cinque.ac,available,50,7%,6,Mathematics,,,
ogdoad.ac,available,50,1%,6,Mathematics,,,
lxx.ac,available,50,5%,3,Mathematics,,,
abactinal.ac,available,50,0%,9,Science,,,
gillless.ac,available,50,0%,9,Science,,,
abomasal.ac,available,50,0%,8,Agriculture,,,
abdicable.ac,available,50,0%,9,Law,,,
adactylous.ac,available,50,0%,10,Science,,,
acellular.ac,available,50,1%,9,Science,,,
adhominem.ac,available,50,2%,10,"Humanities,Law,Politics",,,
apriori.ac,available,48,13%,8,Mathematics,,,
notguilty.ac,available,48,5%,10,Law,,,
lxxxviii.ac,available,48,1%,8,Mathematics,,,
stripling.ac,available,46,2%,9,"Education,Entertainment,Healthcare",,,
quaternary.ac,available,46,3%,10,Mathematics,,,
accurst.ac,available,40,1%,7,Religion,,,